"term","estimate","std.error","statistic","p.value"
"Happiness_Score",-0.0490203996590035,0.332723206715595,-0.14733087043401,0.883559517115864
